{
  "name": "mongodb-sink-connector",
  "config": {
    "connector.class": "com.mongodb.kafka.connect.MongoSinkConnector",
    "tasks.max": "1",
    "topics": "foodcoded_analyze_sink_topic",
    "connection.uri": "mongodb://root:rootpassword@mongodb:27017",
    "database": "foodcoded_db",
    "collection": "foodcoded_analyze",
    "key.converter": "org.apache.kafka.connect.storage.StringConverter",
    "value.converter": "io.confluent.connect.avro.AvroConverter",
    "value.converter.schema.registry.url": "http://schema-registry:8081"
  }
}